case_id	window_id	measure_index	evidence_id	record_type	record_id	onset_qn	duration_qn	voice_id	detail
CASE-VT57	W1	0	E001	measure			4		meter=4/4;key_fifths=2;barlines=none|regular;volta=none
CASE-VT57	W1	0	E001	note	EV0001	0	2	V01	pitch=D5;tie=none;grace=none;articulations=;ornaments=
CASE-VT57	W1	0	E001	note	EV0002	0	1/2	V02	pitch=D4;tie=none;grace=none;articulations=;ornaments=
CASE-VT57	W1	0	E001	note	EV0003	1/2	1/2	V02	pitch=A4;tie=none;grace=none;articulations=;ornaments=
CASE-VT57	W1	0	E001	note	EV0004	1	1/2	V02	pitch=F#4;tie=none;grace=none;articulations=;ornaments=
CASE-VT57	W1	0	E001	note	EV0005	3/2	1/2	V02	pitch=A4;tie=none;grace=none;articulations=;ornaments=
CASE-VT57	W1	0	E001	note	EV0006	2	1	V01	pitch=F#5;tie=none;grace=none;articulations=;ornaments=
CASE-VT57	W1	0	E001	note	EV0007	2	1/2	V02	pitch=D4;tie=none;grace=none;articulations=;ornaments=
CASE-VT57	W1	0	E001	note	EV0008	5/2	1/2	V02	pitch=A4;tie=none;grace=none;articulations=;ornaments=
CASE-VT57	W1	0	E001	note	EV0009	3	1	V01	pitch=A5;tie=none;grace=none;articulations=;ornaments=
CASE-VT57	W1	0	E001	note	EV0010	3	1/2	V02	pitch=F#4;tie=none;grace=none;articulations=;ornaments=
CASE-VT57	W1	0	E001	note	EV0011	7/2	1/2	V02	pitch=A4;tie=none;grace=none;articulations=;ornaments=
CASE-VT57	W1	1	E002	measure			4		meter=4/4;key_fifths=2;barlines=regular|regular;volta=none
CASE-VT57	W1	1	E002	note	EV0012	0	3/2	V01	pitch=C#5;tie=none;grace=none;articulations=;ornaments=
CASE-VT57	W1	1	E002	note	EV0013	0	1/2	V02	pitch=E4;tie=none;grace=none;articulations=;ornaments=
CASE-VT57	W1	1	E002	note	EV0014	1/2	1/2	V02	pitch=A4;tie=none;grace=none;articulations=;ornaments=
CASE-VT57	W1	1	E002	note	EV0015	1	1/2	V02	pitch=G4;tie=none;grace=none;articulations=;ornaments=
CASE-VT57	W1	1	E002	note	EV0016	3/2	1/4	V01	pitch=D5;tie=none;grace=none;articulations=;ornaments=
CASE-VT57	W1	1	E002	note	EV0017	3/2	1/2	V02	pitch=A4;tie=none;grace=none;articulations=;ornaments=
CASE-VT57	W1	1	E002	note	EV0018	7/4	1/4	V01	pitch=E5;tie=none;grace=none;articulations=;ornaments=
CASE-VT57	W1	1	E002	note	EV0019	2	1	V01	pitch=D5;tie=none;grace=none;articulations=;ornaments=
CASE-VT57	W1	1	E002	note	EV0020	2	1/2	V02	pitch=D4;tie=none;grace=none;articulations=;ornaments=
CASE-VT57	W1	1	E002	note	EV0021	5/2	1/2	V02	pitch=A4;tie=none;grace=none;articulations=;ornaments=
CASE-VT57	W1	1	E002	rest	EV0022	3	1	V01	articulations=
CASE-VT57	W1	1	E002	note	EV0023	3	1/2	V02	pitch=F#4;tie=none;grace=none;articulations=;ornaments=
CASE-VT57	W1	1	E002	note	EV0024	7/2	1/2	V02	pitch=A4;tie=none;grace=none;articulations=;ornaments=
CASE-VT57	W1	2	E003	measure			4		meter=4/4;key_fifths=2;barlines=regular|regular;volta=none
CASE-VT57	W1	2	E003	note	EV0025	0	2	V01	pitch=B5;tie=none;grace=none;articulations=;ornaments=
CASE-VT57	W1	2	E003	note	EV0026	0	1/2	V02	pitch=D4;tie=none;grace=none;articulations=;ornaments=
CASE-VT57	W1	2	E003	note	EV0027	1/2	1/2	V02	pitch=B4;tie=none;grace=none;articulations=;ornaments=
CASE-VT57	W1	2	E003	note	EV0028	1	1/2	V02	pitch=G4;tie=none;grace=none;articulations=;ornaments=
CASE-VT57	W1	2	E003	note	EV0029	3/2	1/2	V02	pitch=B4;tie=none;grace=none;articulations=;ornaments=
CASE-VT57	W1	2	E003	note	EV0030	2	1	V01	pitch=A5;tie=none;grace=none;articulations=;ornaments=
CASE-VT57	W1	2	E003	note	EV0031	2	1/2	V02	pitch=D4;tie=none;grace=none;articulations=;ornaments=
CASE-VT57	W1	2	E003	note	EV0032	5/2	1/2	V02	pitch=A4;tie=none;grace=none;articulations=;ornaments=
CASE-VT57	W1	2	E003	note	EV0033	3	1	V01	pitch=D6;tie=none;grace=none;articulations=;ornaments=
CASE-VT57	W1	2	E003	note	EV0034	3	1/2	V02	pitch=F#4;tie=none;grace=none;articulations=;ornaments=
CASE-VT57	W1	2	E003	note	EV0035	7/2	1/2	V02	pitch=A4;tie=none;grace=none;articulations=;ornaments=
CASE-VT57	W1	3	E004	measure			4		meter=4/4;key_fifths=2;barlines=regular|regular;volta=none
CASE-VT57	W1	3	E004	note	EV0036	0	1	V01	pitch=A5;tie=none;grace=none;articulations=;ornaments=
CASE-VT57	W1	3	E004	note	EV0037	0	1/2	V02	pitch=C#4;tie=none;grace=none;articulations=;ornaments=
CASE-VT57	W1	3	E004	note	EV0038	1/2	1/2	V02	pitch=A4;tie=none;grace=none;articulations=;ornaments=
CASE-VT57	W1	3	E004	note	EV0039	1	1/2	V01	pitch=G5;tie=none;grace=none;articulations=;ornaments=trill
CASE-VT57	W1	3	E004	note	EV0040	1	1/2	V02	pitch=E4;tie=none;grace=none;articulations=;ornaments=
CASE-VT57	W1	3	E004	note	EV0041	3/2	1/4	V01	pitch=F#5;tie=none;grace=none;articulations=;ornaments=
CASE-VT57	W1	3	E004	note	EV0042	3/2	1/2	V02	pitch=A4;tie=none;grace=none;articulations=;ornaments=
CASE-VT57	W1	3	E004	note	EV0043	7/4	1/4	V01	pitch=G5;tie=none;grace=none;articulations=;ornaments=
CASE-VT57	W1	3	E004	note	EV0044	2	1	V01	pitch=F#5;tie=none;grace=none;articulations=;ornaments=
CASE-VT57	W1	3	E004	note	EV0045	2	1/2	V02	pitch=D4;tie=none;grace=none;articulations=;ornaments=
CASE-VT57	W1	3	E004	note	EV0046	5/2	1/2	V02	pitch=A4;tie=none;grace=none;articulations=;ornaments=
CASE-VT57	W1	3	E004	rest	EV0047	3	1	V01	articulations=
CASE-VT57	W1	3	E004	note	EV0048	3	1/2	V02	pitch=F#4;tie=none;grace=none;articulations=;ornaments=
CASE-VT57	W1	3	E004	note	EV0049	7/2	1/2	V02	pitch=A4;tie=none;grace=none;articulations=;ornaments=
CASE-VT57	W1	4	E005	measure			4		meter=4/4;key_fifths=2;barlines=regular|regular;volta=none
CASE-VT57	W1	4	E005	note	EV0050	0	1/2	V01	pitch=B4;tie=none;grace=none;articulations=;ornaments=
CASE-VT57	W1	4	E005	note	EV0051	0	1	V02	pitch=G4;tie=none;grace=none;articulations=;ornaments=
CASE-VT57	W1	4	E005	note	EV0052	1/2	1/4	V01	pitch=C#5;tie=none;grace=none;articulations=;ornaments=
CASE-VT57	W1	4	E005	note	EV0053	3/4	1/4	V01	pitch=D5;tie=none;grace=none;articulations=;ornaments=
CASE-VT57	W1	4	E005	note	EV0054	1	1/4	V01	pitch=E5;tie=none;grace=none;articulations=;ornaments=
CASE-VT57	W1	4	E005	rest	EV0055	1	1	V02	articulations=
CASE-VT57	W1	4	E005	note	EV0056	5/4	1/4	V01	pitch=F#5;tie=none;grace=none;articulations=;ornaments=
CASE-VT57	W1	4	E005	note	EV0057	3/2	1/4	V01	pitch=G5;tie=none;grace=none;articulations=;ornaments=
CASE-VT57	W1	4	E005	note	EV0058	7/4	1/4	V01	pitch=A5;tie=none;grace=none;articulations=;ornaments=
CASE-VT57	W1	4	E005	note	EV0059	2	1/4	V01	pitch=B5;tie=none;grace=none;articulations=;ornaments=
CASE-VT57	W1	4	E005	rest	EV0060	2	1	V02	articulations=
CASE-VT57	W1	4	E005	note	EV0061	9/4	1/4	V01	pitch=A5;tie=none;grace=none;articulations=;ornaments=
CASE-VT57	W1	4	E005	note	EV0062	5/2	1/4	V01	pitch=G5;tie=none;grace=none;articulations=;ornaments=
CASE-VT57	W1	4	E005	note	EV0063	11/4	1/4	V01	pitch=F#5;tie=none;grace=none;articulations=;ornaments=
CASE-VT57	W1	4	E005	note	EV0064	3	1/4	V01	pitch=E5;tie=none;grace=none;articulations=;ornaments=
CASE-VT57	W1	4	E005	note	EV0065	3	1	V02	pitch=G3;tie=none;grace=none;articulations=;ornaments=
CASE-VT57	W1	4	E005	note	EV0066	3	1	V02	pitch=D4;tie=none;grace=none;articulations=;ornaments=
CASE-VT57	W1	4	E005	note	EV0067	13/4	1/4	V01	pitch=D5;tie=none;grace=none;articulations=;ornaments=
CASE-VT57	W1	4	E005	note	EV0068	7/2	1/4	V01	pitch=C#5;tie=none;grace=none;articulations=;ornaments=
CASE-VT57	W1	4	E005	note	EV0069	15/4	1/4	V01	pitch=B4;tie=none;grace=none;articulations=;ornaments=
CASE-VT57	W1	5	E006	measure			4		meter=4/4;key_fifths=2;barlines=regular|regular;volta=none
CASE-VT57	W1	5	E006	note	EV0070	0	1/2	V01	pitch=A4;tie=none;grace=none;articulations=;ornaments=
CASE-VT57	W1	5	E006	note	EV0071	0	1	V02	pitch=F#3;tie=none;grace=none;articulations=;ornaments=
CASE-VT57	W1	5	E006	note	EV0072	0	1	V02	pitch=D4;tie=none;grace=none;articulations=;ornaments=
CASE-VT57	W1	5	E006	note	EV0073	1/2	1/4	V01	pitch=B4;tie=none;grace=none;articulations=;ornaments=
CASE-VT57	W1	5	E006	note	EV0074	3/4	1/4	V01	pitch=C#5;tie=none;grace=none;articulations=;ornaments=
CASE-VT57	W1	5	E006	note	EV0075	1	1/4	V01	pitch=D5;tie=none;grace=none;articulations=;ornaments=
CASE-VT57	W1	5	E006	rest	EV0076	1	1	V02	articulations=
CASE-VT57	W1	5	E006	note	EV0077	5/4	1/4	V01	pitch=E5;tie=none;grace=none;articulations=;ornaments=
CASE-VT57	W1	5	E006	note	EV0078	3/2	1/4	V01	pitch=F#5;tie=none;grace=none;articulations=;ornaments=
CASE-VT57	W1	5	E006	note	EV0079	7/4	1/4	V01	pitch=G5;tie=none;grace=none;articulations=;ornaments=
CASE-VT57	W1	5	E006	note	EV0080	2	1/4	V01	pitch=A5;tie=none;grace=none;articulations=;ornaments=
CASE-VT57	W1	5	E006	rest	EV0081	2	1	V02	articulations=
CASE-VT57	W1	5	E006	note	EV0082	9/4	1/4	V01	pitch=G5;tie=none;grace=none;articulations=;ornaments=
CASE-VT57	W1	5	E006	note	EV0083	5/2	1/4	V01	pitch=F#5;tie=none;grace=none;articulations=;ornaments=
CASE-VT57	W1	5	E006	note	EV0084	11/4	1/4	V01	pitch=E5;tie=none;grace=none;articulations=;ornaments=
CASE-VT57	W1	5	E006	note	EV0085	3	1/4	V01	pitch=D5;tie=none;grace=none;articulations=;ornaments=
CASE-VT57	W1	5	E006	note	EV0086	3	1	V02	pitch=F#3;tie=none;grace=none;articulations=;ornaments=
CASE-VT57	W1	5	E006	note	EV0087	3	1	V02	pitch=D4;tie=none;grace=none;articulations=;ornaments=
CASE-VT57	W1	5	E006	note	EV0088	13/4	1/4	V01	pitch=C#5;tie=none;grace=none;articulations=;ornaments=
CASE-VT57	W1	5	E006	note	EV0089	7/2	1/4	V01	pitch=B4;tie=none;grace=none;articulations=;ornaments=
CASE-VT57	W1	5	E006	note	EV0090	15/4	1/4	V01	pitch=A4;tie=none;grace=none;articulations=;ornaments=
CASE-VT57	W1	6	E007	measure			4		meter=4/4;key_fifths=2;barlines=regular|regular;volta=none
CASE-VT57	W1	6	E007	note	EV0091	0	1/2	V01	pitch=G4;tie=none;grace=none;articulations=;ornaments=
CASE-VT57	W1	6	E007	note	EV0092	0	1	V02	pitch=E3;tie=none;grace=none;articulations=;ornaments=
CASE-VT57	W1	6	E007	note	EV0093	0	1	V02	pitch=D4;tie=none;grace=none;articulations=;ornaments=
CASE-VT57	W1	6	E007	note	EV0094	1/2	1/4	V01	pitch=A4;tie=none;grace=none;articulations=;ornaments=
CASE-VT57	W1	6	E007	note	EV0095	3/4	1/4	V01	pitch=B4;tie=none;grace=none;articulations=;ornaments=
CASE-VT57	W1	6	E007	note	EV0096	1	1/4	V01	pitch=C#5;tie=none;grace=none;articulations=;ornaments=
CASE-VT57	W1	6	E007	rest	EV0097	1	1	V02	articulations=
CASE-VT57	W1	6	E007	note	EV0098	5/4	1/4	V01	pitch=D5;tie=none;grace=none;articulations=;ornaments=
CASE-VT57	W1	6	E007	note	EV0099	3/2	1/4	V01	pitch=E5;tie=none;grace=none;articulations=;ornaments=
CASE-VT57	W1	6	E007	note	EV0100	7/4	1/4	V01	pitch=F#5;tie=none;grace=none;articulations=;ornaments=
CASE-VT57	W1	6	E007	note	EV0101	2	1/4	V01	pitch=G5;tie=none;grace=none;articulations=;ornaments=
CASE-VT57	W1	6	E007	rest	EV0102	2	1	V02	articulations=
CASE-VT57	W1	6	E007	note	EV0103	9/4	1/4	V01	pitch=F#5;tie=none;grace=none;articulations=;ornaments=
CASE-VT57	W1	6	E007	note	EV0104	5/2	1/4	V01	pitch=E5;tie=none;grace=none;articulations=;ornaments=
CASE-VT57	W1	6	E007	note	EV0105	11/4	1/4	V01	pitch=D5;tie=none;grace=none;articulations=;ornaments=
CASE-VT57	W1	6	E007	note	EV0106	3	1/4	V01	pitch=C#5;tie=none;grace=none;articulations=;ornaments=
CASE-VT57	W1	6	E007	note	EV0107	3	1	V02	pitch=E3;tie=none;grace=none;articulations=;ornaments=
CASE-VT57	W1	6	E007	note	EV0108	3	1	V02	pitch=C#4;tie=none;grace=none;articulations=;ornaments=
CASE-VT57	W1	6	E007	note	EV0109	13/4	1/4	V01	pitch=B4;tie=none;grace=none;articulations=;ornaments=
CASE-VT57	W1	6	E007	note	EV0110	7/2	1/4	V01	pitch=A4;tie=none;grace=none;articulations=;ornaments=
CASE-VT57	W1	6	E007	note	EV0111	15/4	1/4	V01	pitch=G4;tie=none;grace=none;articulations=;ornaments=
CASE-VT57	W1	7	E008	measure			4		meter=4/4;key_fifths=2;barlines=regular|regular;volta=none
CASE-VT57	W1	7	E008	note	EV0112	0	1/2	V01	pitch=F#4;tie=none;grace=none;articulations=;ornaments=
CASE-VT57	W1	7	E008	note	EV0113	0	1	V02	pitch=D3;tie=none;grace=none;articulations=;ornaments=
CASE-VT57	W1	7	E008	note	EV0114	0	1	V02	pitch=D4;tie=none;grace=none;articulations=;ornaments=
CASE-VT57	W1	7	E008	note	EV0115	1/2	1/4	V01	pitch=G4;tie=none;grace=none;articulations=;ornaments=
CASE-VT57	W1	7	E008	note	EV0116	3/4	1/4	V01	pitch=A4;tie=none;grace=none;articulations=;ornaments=
CASE-VT57	W1	7	E008	note	EV0117	1	1/4	V01	pitch=B4;tie=none;grace=none;articulations=;ornaments=
CASE-VT57	W1	7	E008	rest	EV0118	1	1	V02	articulations=
CASE-VT57	W1	7	E008	note	EV0119	5/4	1/4	V01	pitch=C#5;tie=none;grace=none;articulations=;ornaments=
CASE-VT57	W1	7	E008	note	EV0120	3/2	1/4	V01	pitch=D5;tie=none;grace=none;articulations=;ornaments=
CASE-VT57	W1	7	E008	note	EV0121	7/4	1/4	V01	pitch=E5;tie=none;grace=none;articulations=;ornaments=
CASE-VT57	W1	7	E008	note	EV0122	2	1/4	V01	pitch=F#5;tie=none;grace=none;articulations=;ornaments=
CASE-VT57	W1	7	E008	rest	EV0123	2	1	V02	articulations=
CASE-VT57	W1	7	E008	note	EV0124	9/4	1/4	V01	pitch=E5;tie=none;grace=none;articulations=;ornaments=
CASE-VT57	W1	7	E008	note	EV0125	5/2	1/4	V01	pitch=D5;tie=none;grace=none;articulations=;ornaments=
CASE-VT57	W1	7	E008	note	EV0126	11/4	1/4	V01	pitch=C#5;tie=none;grace=none;articulations=;ornaments=
CASE-VT57	W1	7	E008	note	EV0127	3	1/4	V01	pitch=B4;tie=none;grace=none;articulations=;ornaments=
CASE-VT57	W1	7	E008	note	EV0128	3	1	V02	pitch=D3;tie=none;grace=none;articulations=;ornaments=
CASE-VT57	W1	7	E008	note	EV0129	3	1	V02	pitch=F#3;tie=none;grace=none;articulations=;ornaments=
CASE-VT57	W1	7	E008	note	EV0130	13/4	1/4	V01	pitch=A4;tie=none;grace=none;articulations=;ornaments=
CASE-VT57	W1	7	E008	note	EV0131	7/2	1/4	V01	pitch=G4;tie=none;grace=none;articulations=;ornaments=
CASE-VT57	W1	7	E008	note	EV0132	15/4	1/4	V01	pitch=F#4;tie=none;grace=none;articulations=;ornaments=
CASE-VT57	W2	0	E009	measure			4		meter=4/4;key_fifths=2;barlines=regular|regular;volta=none
CASE-VT57	W2	0	E009	rest	EV0133	0	1/4	V01	articulations=
CASE-VT57	W2	0	E009	note	EV0134	0	1	V02	pitch=A#3;tie=none;grace=none;articulations=;ornaments=
CASE-VT57	W2	0	E009	note	EV0135	1/4	1/4	V01	pitch=C#5;tie=none;grace=none;articulations=;ornaments=
CASE-VT57	W2	0	E009	note	EV0136	1/2	1/4	V01	pitch=D5;tie=none;grace=none;articulations=;ornaments=
CASE-VT57	W2	0	E009	note	EV0137	3/4	1/4	V01	pitch=E5;tie=none;grace=none;articulations=;ornaments=
CASE-VT57	W2	0	E009	note	EV0138	1	1/4	V01	pitch=F#5;tie=none;grace=none;articulations=;ornaments=
CASE-VT57	W2	0	E009	rest	EV0139	1	1	V02	articulations=
CASE-VT57	W2	0	E009	note	EV0140	5/4	1/4	V01	pitch=G#5;tie=none;grace=none;articulations=;ornaments=
CASE-VT57	W2	0	E009	note	EV0141	3/2	1/4	V01	pitch=A#5;tie=none;grace=none;articulations=;ornaments=
CASE-VT57	W2	0	E009	note	EV0142	7/4	1/4	V01	pitch=B5;tie=none;grace=none;articulations=;ornaments=
CASE-VT57	W2	0	E009	note	EV0143	2	1	V01	pitch=C#6;tie=none;grace=none;articulations=;ornaments=
CASE-VT57	W2	0	E009	rest	EV0144	2	1/4	V02	articulations=
CASE-VT57	W2	0	E009	note	EV0145	9/4	1/4	V02	pitch=A#3;tie=none;grace=none;articulations=;ornaments=
CASE-VT57	W2	0	E009	note	EV0146	5/2	1/4	V02	pitch=C#4;tie=none;grace=none;articulations=;ornaments=
CASE-VT57	W2	0	E009	note	EV0147	11/4	1/4	V02	pitch=B3;tie=none;grace=none;articulations=;ornaments=
CASE-VT57	W2	0	E009	rest	EV0148	3	1	V01	articulations=
CASE-VT57	W2	0	E009	note	EV0149	3	1/4	V02	pitch=A#3;tie=none;grace=none;articulations=;ornaments=
CASE-VT57	W2	0	E009	note	EV0150	13/4	1/4	V02	pitch=G3;tie=none;grace=none;articulations=;ornaments=
CASE-VT57	W2	0	E009	note	EV0151	7/2	1/4	V02	pitch=F#3;tie=none;grace=none;articulations=;ornaments=
CASE-VT57	W2	0	E009	note	EV0152	15/4	1/4	V02	pitch=E3;tie=none;grace=none;articulations=;ornaments=
CASE-VT57	W2	1	E010	measure			4		meter=4/4;key_fifths=2;barlines=regular|regular;volta=none
CASE-VT57	W2	1	E010	rest	EV0153	0	1/4	V01	articulations=
CASE-VT57	W2	1	E010	note	EV0154	0	1	V02	pitch=D3;tie=none;grace=none;articulations=;ornaments=
CASE-VT57	W2	1	E010	note	EV0155	1/4	1/4	V01	pitch=B5;tie=none;grace=none;articulations=;ornaments=
CASE-VT57	W2	1	E010	note	EV0156	1/2	1/4	V01	pitch=F#6;tie=none;grace=none;articulations=;ornaments=
CASE-VT57	W2	1	E010	note	EV0157	3/4	1/4	V01	pitch=E6;tie=none;grace=none;articulations=;ornaments=
CASE-VT57	W2	1	E010	note	EV0158	1	1/4	V01	pitch=D6;tie=none;grace=none;articulations=;ornaments=
CASE-VT57	W2	1	E010	rest	EV0159	1	1	V02	articulations=
CASE-VT57	W2	1	E010	note	EV0160	5/4	1/4	V01	pitch=C#6;tie=none;grace=none;articulations=;ornaments=
CASE-VT57	W2	1	E010	note	EV0161	3/2	1/4	V01	pitch=B5;tie=none;grace=none;articulations=;ornaments=
CASE-VT57	W2	1	E010	note	EV0162	7/4	1/4	V01	pitch=A5;tie=none;grace=none;articulations=;ornaments=
CASE-VT57	W2	1	E010	note	EV0163	2	1	V01	pitch=G5;tie=none;grace=none;articulations=;ornaments=
CASE-VT57	W2	1	E010	rest	EV0164	2	1/4	V02	articulations=
CASE-VT57	W2	1	E010	note	EV0165	9/4	1/4	V02	pitch=E4;tie=none;grace=none;articulations=;ornaments=
CASE-VT57	W2	1	E010	note	EV0166	5/2	1/4	V02	pitch=B4;tie=none;grace=none;articulations=;ornaments=
CASE-VT57	W2	1	E010	note	EV0167	11/4	1/4	V02	pitch=A4;tie=none;grace=none;articulations=;ornaments=
CASE-VT57	W2	1	E010	rest	EV0168	3	1	V01	articulations=
CASE-VT57	W2	1	E010	note	EV0169	3	1/4	V02	pitch=G4;tie=none;grace=none;articulations=;ornaments=
CASE-VT57	W2	1	E010	note	EV0170	13/4	1/4	V02	pitch=F#4;tie=none;grace=none;articulations=;ornaments=
CASE-VT57	W2	1	E010	note	EV0171	7/2	1/4	V02	pitch=E4;tie=none;grace=none;articulations=;ornaments=
CASE-VT57	W2	1	E010	note	EV0172	15/4	1/4	V02	pitch=D4;tie=none;grace=none;articulations=;ornaments=
CASE-VT57	W2	2	E011	measure			4		meter=4/4;key_fifths=2;barlines=regular|regular;volta=none
CASE-VT57	W2	2	E011	rest	EV0173	0	1/4	V01	articulations=
CASE-VT57	W2	2	E011	note	EV0174	0	1	V02	pitch=C#4;tie=none;grace=none;articulations=;ornaments=
CASE-VT57	W2	2	E011	note	EV0175	1/4	1/4	V01	pitch=A5;tie=none;grace=none;articulations=;ornaments=
CASE-VT57	W2	2	E011	note	EV0176	1/2	1/4	V01	pitch=E6;tie=none;grace=none;articulations=;ornaments=
CASE-VT57	W2	2	E011	note	EV0177	3/4	1/4	V01	pitch=D6;tie=none;grace=none;articulations=;ornaments=
CASE-VT57	W2	2	E011	note	EV0178	1	1/4	V01	pitch=C#6;tie=none;grace=none;articulations=;ornaments=
CASE-VT57	W2	2	E011	rest	EV0179	1	1	V02	articulations=
CASE-VT57	W2	2	E011	note	EV0180	5/4	1/4	V01	pitch=B5;tie=none;grace=none;articulations=;ornaments=
CASE-VT57	W2	2	E011	note	EV0181	3/2	1/4	V01	pitch=A5;tie=none;grace=none;articulations=;ornaments=
CASE-VT57	W2	2	E011	note	EV0182	7/4	1/4	V01	pitch=G5;tie=none;grace=none;articulations=;ornaments=
CASE-VT57	W2	2	E011	note	EV0183	2	1	V01	pitch=F#5;tie=none;grace=none;articulations=;ornaments=
CASE-VT57	W2	2	E011	rest	EV0184	2	1/4	V02	articulations=
CASE-VT57	W2	2	E011	note	EV0185	9/4	1/4	V02	pitch=D4;tie=none;grace=none;articulations=;ornaments=
CASE-VT57	W2	2	E011	note	EV0186	5/2	1/4	V02	pitch=A4;tie=none;grace=none;articulations=;ornaments=
CASE-VT57	W2	2	E011	note	EV0187	11/4	1/4	V02	pitch=G4;tie=none;grace=none;articulations=;ornaments=
CASE-VT57	W2	2	E011	rest	EV0188	3	1	V01	articulations=
CASE-VT57	W2	2	E011	note	EV0189	3	1/4	V02	pitch=F#4;tie=none;grace=none;articulations=;ornaments=
CASE-VT57	W2	2	E011	note	EV0190	13/4	1/4	V02	pitch=E4;tie=none;grace=none;articulations=;ornaments=
CASE-VT57	W2	2	E011	note	EV0191	7/2	1/4	V02	pitch=D4;tie=none;grace=none;articulations=;ornaments=
CASE-VT57	W2	2	E011	note	EV0192	15/4	1/4	V02	pitch=C#4;tie=none;grace=none;articulations=;ornaments=
CASE-VT57	W2	3	E012	measure			4		meter=4/4;key_fifths=2;barlines=regular|regular;volta=none
CASE-VT57	W2	3	E012	rest	EV0193	0	1/4	V01	articulations=
CASE-VT57	W2	3	E012	note	EV0194	0	1	V02	pitch=B3;tie=none;grace=none;articulations=;ornaments=
CASE-VT57	W2	3	E012	note	EV0195	1/4	1/4	V01	pitch=G5;tie=none;grace=none;articulations=;ornaments=
CASE-VT57	W2	3	E012	note	EV0196	1/2	1/4	V01	pitch=D6;tie=none;grace=none;articulations=;ornaments=
CASE-VT57	W2	3	E012	note	EV0197	3/4	1/4	V01	pitch=C#6;tie=none;grace=none;articulations=;ornaments=
CASE-VT57	W2	3	E012	note	EV0198	1	1/4	V01	pitch=B5;tie=none;grace=none;articulations=;ornaments=
CASE-VT57	W2	3	E012	rest	EV0199	1	1	V02	articulations=
CASE-VT57	W2	3	E012	note	EV0200	5/4	1/4	V01	pitch=A5;tie=none;grace=none;articulations=;ornaments=
CASE-VT57	W2	3	E012	note	EV0201	3/2	1/4	V01	pitch=G5;tie=none;grace=none;articulations=;ornaments=
CASE-VT57	W2	3	E012	note	EV0202	7/4	1/4	V01	pitch=F#5;tie=none;grace=none;articulations=;ornaments=
CASE-VT57	W2	3	E012	note	EV0203	2	1	V01	pitch=E5;tie=none;grace=none;articulations=;ornaments=
CASE-VT57	W2	3	E012	rest	EV0204	2	1/4	V02	articulations=
CASE-VT57	W2	3	E012	note	EV0205	9/4	1/4	V02	pitch=C#4;tie=none;grace=none;articulations=;ornaments=
CASE-VT57	W2	3	E012	note	EV0206	5/2	1/4	V02	pitch=G4;tie=none;grace=none;articulations=;ornaments=
CASE-VT57	W2	3	E012	note	EV0207	11/4	1/4	V02	pitch=F#4;tie=none;grace=none;articulations=;ornaments=
CASE-VT57	W2	3	E012	rest	EV0208	3	1	V01	articulations=
CASE-VT57	W2	3	E012	note	EV0209	3	1/4	V02	pitch=E4;tie=none;grace=none;articulations=;ornaments=
CASE-VT57	W2	3	E012	note	EV0210	13/4	1/4	V02	pitch=D4;tie=none;grace=none;articulations=;ornaments=
CASE-VT57	W2	3	E012	note	EV0211	7/2	1/4	V02	pitch=C#4;tie=none;grace=none;articulations=;ornaments=
CASE-VT57	W2	3	E012	note	EV0212	15/4	1/4	V02	pitch=B3;tie=none;grace=none;articulations=;ornaments=
CASE-VT57	W2	4	E013	measure			4		meter=4/4;key_fifths=2;barlines=regular|regular;volta=none
CASE-VT57	W2	4	E013	rest	EV0213	0	1/4	V01	articulations=
CASE-VT57	W2	4	E013	note	EV0214	0	1	V02	pitch=A#3;tie=none;grace=none;articulations=;ornaments=
CASE-VT57	W2	4	E013	note	EV0215	1/4	1/4	V01	pitch=F#5;tie=none;grace=none;articulations=;ornaments=
CASE-VT57	W2	4	E013	note	EV0216	1/2	1/4	V01	pitch=C#6;tie=none;grace=none;articulations=;ornaments=
CASE-VT57	W2	4	E013	note	EV0217	3/4	1/4	V01	pitch=B5;tie=none;grace=none;articulations=;ornaments=
CASE-VT57	W2	4	E013	note	EV0218	1	1/4	V01	pitch=A#5;tie=none;grace=none;articulations=;ornaments=
CASE-VT57	W2	4	E013	rest	EV0219	1	1	V02	articulations=
CASE-VT57	W2	4	E013	note	EV0220	5/4	1/4	V01	pitch=G5;tie=none;grace=none;articulations=;ornaments=
CASE-VT57	W2	4	E013	note	EV0221	3/2	1/4	V01	pitch=F#5;tie=none;grace=none;articulations=;ornaments=
CASE-VT57	W2	4	E013	note	EV0222	7/4	1/4	V01	pitch=E5;tie=none;grace=none;articulations=;ornaments=
CASE-VT57	W2	4	E013	note	EV0223	2	1	V01	pitch=D5;tie=none;grace=none;articulations=;ornaments=
CASE-VT57	W2	4	E013	rest	EV0224	2	1/4	V02	articulations=
CASE-VT57	W2	4	E013	note	EV0225	9/4	1/4	V02	pitch=B3;tie=none;grace=none;articulations=;ornaments=
CASE-VT57	W2	4	E013	note	EV0226	5/2	1/4	V02	pitch=D4;tie=none;grace=none;articulations=;ornaments=
CASE-VT57	W2	4	E013	note	EV0227	11/4	1/4	V02	pitch=C#4;tie=none;grace=none;articulations=;ornaments=
CASE-VT57	W2	4	E013	rest	EV0228	3	1	V01	articulations=
CASE-VT57	W2	4	E013	note	EV0229	3	1/4	V02	pitch=B3;tie=none;grace=none;articulations=;ornaments=
CASE-VT57	W2	4	E013	note	EV0230	13/4	1/4	V02	pitch=A3;tie=none;grace=none;articulations=;ornaments=
CASE-VT57	W2	4	E013	note	EV0231	7/2	1/4	V02	pitch=G3;tie=none;grace=none;articulations=;ornaments=
CASE-VT57	W2	4	E013	note	EV0232	15/4	1/4	V02	pitch=F#3;tie=none;grace=none;articulations=;ornaments=
CASE-VT57	W2	5	E014	measure			4		meter=4/4;key_fifths=2;barlines=regular|regular;volta=none
CASE-VT57	W2	5	E014	rest	EV0233	0	1/4	V01	articulations=
CASE-VT57	W2	5	E014	note	EV0234	0	2	V02	pitch=E3;tie=none;grace=none;articulations=;ornaments=
CASE-VT57	W2	5	E014	note	EV0235	1/4	1/4	V01	pitch=C5;tie=none;grace=none;articulations=;ornaments=
CASE-VT57	W2	5	E014	note	EV0236	1/2	1/4	V01	pitch=E5;tie=none;grace=none;articulations=;ornaments=
CASE-VT57	W2	5	E014	note	EV0237	3/4	1/4	V01	pitch=D5;tie=none;grace=none;articulations=;ornaments=
CASE-VT57	W2	5	E014	note	EV0238	1	1/4	V01	pitch=C5;tie=none;grace=none;articulations=;ornaments=
CASE-VT57	W2	5	E014	note	EV0239	5/4	1/4	V01	pitch=B4;tie=none;grace=none;articulations=;ornaments=
CASE-VT57	W2	5	E014	note	EV0240	3/2	1/4	V01	pitch=A4;tie=none;grace=none;articulations=;ornaments=
CASE-VT57	W2	5	E014	note	EV0241	7/4	1/4	V01	pitch=G4;tie=none;grace=none;articulations=;ornaments=
CASE-VT57	W2	5	E014	note	EV0242	2	1/4	V01	pitch=F#4;tie=none;grace=none;articulations=;ornaments=
CASE-VT57	W2	5	E014	note	EV0243	2	2	V02	pitch=D3;tie=none;grace=none;articulations=;ornaments=
CASE-VT57	W2	5	E014	note	EV0244	2	2	V02	pitch=A3;tie=none;grace=none;articulations=;ornaments=
CASE-VT57	W2	5	E014	note	EV0245	2	2	V02	pitch=C4;tie=none;grace=none;articulations=;ornaments=
CASE-VT57	W2	5	E014	note	EV0246	9/4	1/4	V01	pitch=G4;tie=none;grace=none;articulations=;ornaments=
CASE-VT57	W2	5	E014	note	EV0247	5/2	1/4	V01	pitch=A4;tie=none;grace=none;articulations=;ornaments=
CASE-VT57	W2	5	E014	note	EV0248	11/4	1/4	V01	pitch=B4;tie=none;grace=none;articulations=;ornaments=
CASE-VT57	W2	5	E014	note	EV0249	3	1/4	V01	pitch=C5;tie=none;grace=none;articulations=;ornaments=
CASE-VT57	W2	5	E014	note	EV0250	13/4	1/4	V01	pitch=D5;tie=none;grace=none;articulations=;ornaments=
CASE-VT57	W2	5	E014	note	EV0251	7/2	1/4	V01	pitch=E5;tie=none;grace=none;articulations=;ornaments=
CASE-VT57	W2	5	E014	note	EV0252	15/4	1/4	V01	pitch=F#5;tie=none;grace=none;articulations=;ornaments=
CASE-VT57	W3	0	E015	measure			4		meter=4/4;key_fifths=2;barlines=regular|regular;volta=none
CASE-VT57	W3	0	E015	note	EV0253	0	2	V01	pitch=G5;tie=none;grace=none;articulations=;ornaments=
CASE-VT57	W3	0	E015	note	EV0254	0	1/2	V02	pitch=G4;tie=none;grace=none;articulations=;ornaments=
CASE-VT57	W3	0	E015	note	EV0255	1/2	1/2	V02	pitch=D5;tie=none;grace=none;articulations=;ornaments=
CASE-VT57	W3	0	E015	note	EV0256	1	1/2	V02	pitch=B4;tie=none;grace=none;articulations=;ornaments=
CASE-VT57	W3	0	E015	note	EV0257	3/2	1/2	V02	pitch=D5;tie=none;grace=none;articulations=;ornaments=
CASE-VT57	W3	0	E015	note	EV0258	2	1	V01	pitch=B5;tie=none;grace=none;articulations=;ornaments=
CASE-VT57	W3	0	E015	note	EV0259	2	1/2	V02	pitch=G4;tie=none;grace=none;articulations=;ornaments=
CASE-VT57	W3	0	E015	note	EV0260	5/2	1/2	V02	pitch=D5;tie=none;grace=none;articulations=;ornaments=
CASE-VT57	W3	0	E015	note	EV0261	3	1	V01	pitch=D6;tie=none;grace=none;articulations=;ornaments=
CASE-VT57	W3	0	E015	note	EV0262	3	1/2	V02	pitch=B4;tie=none;grace=none;articulations=;ornaments=
CASE-VT57	W3	0	E015	note	EV0263	7/2	1/2	V02	pitch=D5;tie=none;grace=none;articulations=;ornaments=
CASE-VT57	W3	1	E016	measure			4		meter=4/4;key_fifths=2;barlines=regular|regular;volta=none
CASE-VT57	W3	1	E016	note	EV0264	0	3/2	V01	pitch=F#5;tie=none;grace=none;articulations=;ornaments=
CASE-VT57	W3	1	E016	note	EV0265	0	1/2	V02	pitch=A4;tie=none;grace=none;articulations=;ornaments=
CASE-VT57	W3	1	E016	note	EV0266	1/2	1/2	V02	pitch=D5;tie=none;grace=none;articulations=;ornaments=
CASE-VT57	W3	1	E016	note	EV0267	1	1/2	V02	pitch=C5;tie=none;grace=none;articulations=;ornaments=
CASE-VT57	W3	1	E016	note	EV0268	3/2	1/4	V01	pitch=G5;tie=none;grace=none;articulations=;ornaments=
CASE-VT57	W3	1	E016	note	EV0269	3/2	1/2	V02	pitch=D5;tie=none;grace=none;articulations=;ornaments=
CASE-VT57	W3	1	E016	note	EV0270	7/4	1/4	V01	pitch=A5;tie=none;grace=none;articulations=;ornaments=
CASE-VT57	W3	1	E016	note	EV0271	2	1	V01	pitch=G5;tie=none;grace=none;articulations=;ornaments=
CASE-VT57	W3	1	E016	note	EV0272	2	1/2	V02	pitch=G4;tie=none;grace=none;articulations=;ornaments=
CASE-VT57	W3	1	E016	note	EV0273	5/2	1/2	V02	pitch=D5;tie=none;grace=none;articulations=;ornaments=
CASE-VT57	W3	1	E016	rest	EV0274	3	1	V01	articulations=
CASE-VT57	W3	1	E016	note	EV0275	3	1/2	V02	pitch=B4;tie=none;grace=none;articulations=;ornaments=
CASE-VT57	W3	1	E016	note	EV0276	7/2	1/2	V02	pitch=D5;tie=none;grace=none;articulations=;ornaments=
CASE-VT57	W3	2	E017	measure			4		meter=4/4;key_fifths=2;barlines=regular|regular;volta=none
CASE-VT57	W3	2	E017	note	EV0277	0	2	V01	pitch=E6;tie=none;grace=none;articulations=;ornaments=
CASE-VT57	W3	2	E017	note	EV0278	0	1/2	V02	pitch=G4;tie=none;grace=none;articulations=;ornaments=
CASE-VT57	W3	2	E017	note	EV0279	1/2	1/2	V02	pitch=E5;tie=none;grace=none;articulations=;ornaments=
CASE-VT57	W3	2	E017	note	EV0280	1	1/2	V02	pitch=C5;tie=none;grace=none;articulations=;ornaments=
CASE-VT57	W3	2	E017	note	EV0281	3/2	1/2	V02	pitch=E5;tie=none;grace=none;articulations=;ornaments=
CASE-VT57	W3	2	E017	note	EV0282	2	1	V01	pitch=D6;tie=none;grace=none;articulations=;ornaments=
CASE-VT57	W3	2	E017	note	EV0283	2	1/2	V02	pitch=G4;tie=none;grace=none;articulations=;ornaments=
CASE-VT57	W3	2	E017	note	EV0284	5/2	1/2	V02	pitch=D5;tie=none;grace=none;articulations=;ornaments=
CASE-VT57	W3	2	E017	note	EV0285	3	1	V01	pitch=G6;tie=none;grace=none;articulations=;ornaments=
CASE-VT57	W3	2	E017	note	EV0286	3	1/2	V02	pitch=B4;tie=none;grace=none;articulations=;ornaments=
CASE-VT57	W3	2	E017	note	EV0287	7/2	1/2	V02	pitch=D5;tie=none;grace=none;articulations=;ornaments=
CASE-VT57	W3	3	E018	measure			4		meter=4/4;key_fifths=2;barlines=regular|regular;volta=none
CASE-VT57	W3	3	E018	note	EV0288	0	1	V01	pitch=D6;tie=none;grace=none;articulations=;ornaments=
CASE-VT57	W3	3	E018	note	EV0289	0	1/2	V02	pitch=F#4;tie=none;grace=none;articulations=;ornaments=
CASE-VT57	W3	3	E018	note	EV0290	1/2	1/2	V02	pitch=D5;tie=none;grace=none;articulations=;ornaments=
CASE-VT57	W3	3	E018	note	EV0291	1	1/2	V01	pitch=C6;tie=none;grace=none;articulations=;ornaments=trill
CASE-VT57	W3	3	E018	note	EV0292	1	1/2	V02	pitch=A4;tie=none;grace=none;articulations=;ornaments=
CASE-VT57	W3	3	E018	note	EV0293	3/2	1/4	V01	pitch=B5;tie=none;grace=none;articulations=;ornaments=
CASE-VT57	W3	3	E018	note	EV0294	3/2	1/2	V02	pitch=D5;tie=none;grace=none;articulations=;ornaments=
CASE-VT57	W3	3	E018	note	EV0295	7/4	1/4	V01	pitch=C6;tie=none;grace=none;articulations=;ornaments=
CASE-VT57	W3	3	E018	note	EV0296	2	1	V01	pitch=B5;tie=none;grace=none;articulations=;ornaments=
CASE-VT57	W3	3	E018	note	EV0297	2	1/2	V02	pitch=G4;tie=none;grace=none;articulations=;ornaments=
CASE-VT57	W3	3	E018	note	EV0298	5/2	1/2	V02	pitch=D5;tie=none;grace=none;articulations=;ornaments=
CASE-VT57	W3	3	E018	rest	EV0299	3	1	V01	articulations=
CASE-VT57	W3	3	E018	note	EV0300	3	1/2	V02	pitch=B4;tie=none;grace=none;articulations=;ornaments=
CASE-VT57	W3	3	E018	note	EV0301	7/2	1/2	V02	pitch=D5;tie=none;grace=none;articulations=;ornaments=
CASE-VT57	W3	4	E019	measure			4		meter=4/4;key_fifths=2;barlines=regular|regular;volta=none
CASE-VT57	W3	4	E019	note	EV0302	0	1/2	V01	pitch=E5;tie=none;grace=none;articulations=;ornaments=
CASE-VT57	W3	4	E019	note	EV0303	0	1	V02	pitch=C5;tie=none;grace=none;articulations=;ornaments=
CASE-VT57	W3	4	E019	note	EV0304	1/2	1/4	V01	pitch=F#5;tie=none;grace=none;articulations=;ornaments=
CASE-VT57	W3	4	E019	note	EV0305	3/4	1/4	V01	pitch=G5;tie=none;grace=none;articulations=;ornaments=
CASE-VT57	W3	4	E019	note	EV0306	1	1/4	V01	pitch=A5;tie=none;grace=none;articulations=;ornaments=
CASE-VT57	W3	4	E019	rest	EV0307	1	1	V02	articulations=
CASE-VT57	W3	4	E019	note	EV0308	5/4	1/4	V01	pitch=B5;tie=none;grace=none;articulations=;ornaments=
CASE-VT57	W3	4	E019	note	EV0309	3/2	1/4	V01	pitch=C6;tie=none;grace=none;articulations=;ornaments=
CASE-VT57	W3	4	E019	note	EV0310	7/4	1/4	V01	pitch=D6;tie=none;grace=none;articulations=;ornaments=
CASE-VT57	W3	4	E019	note	EV0311	2	1/4	V01	pitch=E6;tie=none;grace=none;articulations=;ornaments=
CASE-VT57	W3	4	E019	rest	EV0312	2	1	V02	articulations=
CASE-VT57	W3	4	E019	note	EV0313	9/4	1/4	V01	pitch=D6;tie=none;grace=none;articulations=;ornaments=
CASE-VT57	W3	4	E019	note	EV0314	5/2	1/4	V01	pitch=C6;tie=none;grace=none;articulations=;ornaments=
CASE-VT57	W3	4	E019	note	EV0315	11/4	1/4	V01	pitch=B5;tie=none;grace=none;articulations=;ornaments=
CASE-VT57	W3	4	E019	note	EV0316	3	1/4	V01	pitch=A5;tie=none;grace=none;articulations=;ornaments=
CASE-VT57	W3	4	E019	note	EV0317	3	1	V02	pitch=C4;tie=none;grace=none;articulations=;ornaments=
CASE-VT57	W3	4	E019	note	EV0318	3	1	V02	pitch=G4;tie=none;grace=none;articulations=;ornaments=
CASE-VT57	W3	4	E019	note	EV0319	13/4	1/4	V01	pitch=G5;tie=none;grace=none;articulations=;ornaments=
CASE-VT57	W3	4	E019	note	EV0320	7/2	1/4	V01	pitch=F#5;tie=none;grace=none;articulations=;ornaments=
CASE-VT57	W3	4	E019	note	EV0321	15/4	1/4	V01	pitch=E5;tie=none;grace=none;articulations=;ornaments=
CASE-VT57	W3	5	E020	measure			4		meter=4/4;key_fifths=2;barlines=regular|regular;volta=none
CASE-VT57	W3	5	E020	note	EV0322	0	1/2	V01	pitch=D5;tie=none;grace=none;articulations=;ornaments=
CASE-VT57	W3	5	E020	note	EV0323	0	1	V02	pitch=B3;tie=none;grace=none;articulations=;ornaments=
CASE-VT57	W3	5	E020	note	EV0324	0	1	V02	pitch=G4;tie=none;grace=none;articulations=;ornaments=
CASE-VT57	W3	5	E020	note	EV0325	1/2	1/4	V01	pitch=E5;tie=none;grace=none;articulations=;ornaments=
CASE-VT57	W3	5	E020	note	EV0326	3/4	1/4	V01	pitch=F#5;tie=none;grace=none;articulations=;ornaments=
CASE-VT57	W3	5	E020	note	EV0327	1	1/4	V01	pitch=G5;tie=none;grace=none;articulations=;ornaments=
CASE-VT57	W3	5	E020	rest	EV0328	1	1	V02	articulations=
CASE-VT57	W3	5	E020	note	EV0329	5/4	1/4	V01	pitch=A5;tie=none;grace=none;articulations=;ornaments=
CASE-VT57	W3	5	E020	note	EV0330	3/2	1/4	V01	pitch=B5;tie=none;grace=none;articulations=;ornaments=
CASE-VT57	W3	5	E020	note	EV0331	7/4	1/4	V01	pitch=C6;tie=none;grace=none;articulations=;ornaments=
CASE-VT57	W3	5	E020	note	EV0332	2	1/4	V01	pitch=D6;tie=none;grace=none;articulations=;ornaments=
CASE-VT57	W3	5	E020	rest	EV0333	2	1	V02	articulations=
CASE-VT57	W3	5	E020	note	EV0334	9/4	1/4	V01	pitch=C6;tie=none;grace=none;articulations=;ornaments=
CASE-VT57	W3	5	E020	note	EV0335	5/2	1/4	V01	pitch=B5;tie=none;grace=none;articulations=;ornaments=
CASE-VT57	W3	5	E020	note	EV0336	11/4	1/4	V01	pitch=A5;tie=none;grace=none;articulations=;ornaments=
CASE-VT57	W3	5	E020	note	EV0337	3	1/4	V01	pitch=G5;tie=none;grace=none;articulations=;ornaments=
CASE-VT57	W3	5	E020	note	EV0338	3	1	V02	pitch=B3;tie=none;grace=none;articulations=;ornaments=
CASE-VT57	W3	5	E020	note	EV0339	3	1	V02	pitch=G4;tie=none;grace=none;articulations=;ornaments=
CASE-VT57	W3	5	E020	note	EV0340	13/4	1/4	V01	pitch=F#5;tie=none;grace=none;articulations=;ornaments=
CASE-VT57	W3	5	E020	note	EV0341	7/2	1/4	V01	pitch=E5;tie=none;grace=none;articulations=;ornaments=
CASE-VT57	W3	5	E020	note	EV0342	15/4	1/4	V01	pitch=D5;tie=none;grace=none;articulations=;ornaments=
CASE-VT57	W4	0	E021	measure			4		meter=4/4;key_fifths=2;barlines=regular|regular;volta=none
CASE-VT57	W4	0	E021	note	EV0343	0	1/2	V01	pitch=C5;tie=none;grace=none;articulations=;ornaments=
CASE-VT57	W4	0	E021	note	EV0344	0	1	V02	pitch=A3;tie=none;grace=none;articulations=;ornaments=
CASE-VT57	W4	0	E021	note	EV0345	0	1	V02	pitch=G4;tie=none;grace=none;articulations=;ornaments=
CASE-VT57	W4	0	E021	note	EV0346	1/2	1/4	V01	pitch=D5;tie=none;grace=none;articulations=;ornaments=
CASE-VT57	W4	0	E021	note	EV0347	3/4	1/4	V01	pitch=E5;tie=none;grace=none;articulations=;ornaments=
CASE-VT57	W4	0	E021	note	EV0348	1	1/4	V01	pitch=F#5;tie=none;grace=none;articulations=;ornaments=
CASE-VT57	W4	0	E021	rest	EV0349	1	1	V02	articulations=
CASE-VT57	W4	0	E021	note	EV0350	5/4	1/4	V01	pitch=G5;tie=none;grace=none;articulations=;ornaments=
CASE-VT57	W4	0	E021	note	EV0351	3/2	1/4	V01	pitch=A5;tie=none;grace=none;articulations=;ornaments=
CASE-VT57	W4	0	E021	note	EV0352	7/4	1/4	V01	pitch=B5;tie=none;grace=none;articulations=;ornaments=
CASE-VT57	W4	0	E021	note	EV0353	2	1/4	V01	pitch=C6;tie=none;grace=none;articulations=;ornaments=
CASE-VT57	W4	0	E021	rest	EV0354	2	1	V02	articulations=
CASE-VT57	W4	0	E021	note	EV0355	9/4	1/4	V01	pitch=B5;tie=none;grace=none;articulations=;ornaments=
CASE-VT57	W4	0	E021	note	EV0356	5/2	1/4	V01	pitch=A5;tie=none;grace=none;articulations=;ornaments=
CASE-VT57	W4	0	E021	note	EV0357	11/4	1/4	V01	pitch=G5;tie=none;grace=none;articulations=;ornaments=
CASE-VT57	W4	0	E021	note	EV0358	3	1/4	V01	pitch=F#5;tie=none;grace=none;articulations=;ornaments=
CASE-VT57	W4	0	E021	note	EV0359	3	1	V02	pitch=A3;tie=none;grace=none;articulations=;ornaments=
CASE-VT57	W4	0	E021	note	EV0360	3	1	V02	pitch=F#4;tie=none;grace=none;articulations=;ornaments=
CASE-VT57	W4	0	E021	note	EV0361	13/4	1/4	V01	pitch=E5;tie=none;grace=none;articulations=;ornaments=
CASE-VT57	W4	0	E021	note	EV0362	7/2	1/4	V01	pitch=D5;tie=none;grace=none;articulations=;ornaments=
CASE-VT57	W4	0	E021	note	EV0363	15/4	1/4	V01	pitch=C5;tie=none;grace=none;articulations=;ornaments=
CASE-VT57	W4	1	E022	measure			4		meter=4/4;key_fifths=2;barlines=regular|regular;volta=none
CASE-VT57	W4	1	E022	note	EV0364	0	1/2	V01	pitch=B4;tie=none;grace=none;articulations=;ornaments=
CASE-VT57	W4	1	E022	note	EV0365	0	1	V02	pitch=G3;tie=none;grace=none;articulations=;ornaments=
CASE-VT57	W4	1	E022	note	EV0366	0	1	V02	pitch=G4;tie=none;grace=none;articulations=;ornaments=
CASE-VT57	W4	1	E022	note	EV0367	1/2	1/4	V01	pitch=C5;tie=none;grace=none;articulations=;ornaments=
CASE-VT57	W4	1	E022	note	EV0368	3/4	1/4	V01	pitch=D5;tie=none;grace=none;articulations=;ornaments=
CASE-VT57	W4	1	E022	note	EV0369	1	1/4	V01	pitch=E5;tie=none;grace=none;articulations=;ornaments=
CASE-VT57	W4	1	E022	rest	EV0370	1	1	V02	articulations=
CASE-VT57	W4	1	E022	note	EV0371	5/4	1/4	V01	pitch=F#5;tie=none;grace=none;articulations=;ornaments=
CASE-VT57	W4	1	E022	note	EV0372	3/2	1/4	V01	pitch=G5;tie=none;grace=none;articulations=;ornaments=
CASE-VT57	W4	1	E022	note	EV0373	7/4	1/4	V01	pitch=A5;tie=none;grace=none;articulations=;ornaments=
CASE-VT57	W4	1	E022	note	EV0374	2	1/4	V01	pitch=B5;tie=none;grace=none;articulations=;ornaments=
CASE-VT57	W4	1	E022	rest	EV0375	2	2	V02	articulations=
CASE-VT57	W4	1	E022	note	EV0376	9/4	1/4	V01	pitch=A5;tie=none;grace=none;articulations=;ornaments=
CASE-VT57	W4	1	E022	note	EV0377	5/2	1/4	V01	pitch=G5;tie=none;grace=none;articulations=;ornaments=
CASE-VT57	W4	1	E022	note	EV0378	11/4	1/4	V01	pitch=F#5;tie=none;grace=none;articulations=;ornaments=
CASE-VT57	W4	1	E022	note	EV0379	3	1/4	V01	pitch=E5;tie=none;grace=none;articulations=;ornaments=
CASE-VT57	W4	1	E022	note	EV0380	13/4	1/4	V01	pitch=D5;tie=none;grace=none;articulations=;ornaments=
CASE-VT57	W4	1	E022	note	EV0381	7/2	1/4	V01	pitch=C5;tie=none;grace=none;articulations=;ornaments=
CASE-VT57	W4	1	E022	note	EV0382	15/4	1/4	V01	pitch=B4;tie=none;grace=none;articulations=;ornaments=
CASE-VT57	W4	2	E023	measure			4		meter=4/4;key_fifths=2;barlines=regular|regular;volta=none
CASE-VT57	W4	2	E023	note	EV0383	0	1	V01	pitch=B5;tie=none;grace=none;articulations=;ornaments=
CASE-VT57	W4	2	E023	note	EV0384	0	1/2	V02	pitch=G3;tie=none;grace=none;articulations=;ornaments=
CASE-VT57	W4	2	E023	note	EV0385	1/2	1/4	V02	pitch=A3;tie=none;grace=none;articulations=;ornaments=
CASE-VT57	W4	2	E023	note	EV0386	3/4	1/4	V02	pitch=B3;tie=none;grace=none;articulations=;ornaments=
CASE-VT57	W4	2	E023	rest	EV0387	1	1	V01	articulations=
CASE-VT57	W4	2	E023	note	EV0388	1	1/4	V02	pitch=C4;tie=none;grace=none;articulations=;ornaments=
CASE-VT57	W4	2	E023	note	EV0389	5/4	1/4	V02	pitch=D4;tie=none;grace=none;articulations=;ornaments=
CASE-VT57	W4	2	E023	note	EV0390	3/2	1/4	V02	pitch=E4;tie=none;grace=none;articulations=;ornaments=
CASE-VT57	W4	2	E023	note	EV0391	7/4	1/4	V02	pitch=F#4;tie=none;grace=none;articulations=;ornaments=
CASE-VT57	W4	2	E023	rest	EV0392	2	1	V01	articulations=
CASE-VT57	W4	2	E023	note	EV0393	2	1/4	V02	pitch=G4;tie=none;grace=none;articulations=;ornaments=
CASE-VT57	W4	2	E023	note	EV0394	9/4	1/4	V02	pitch=F#4;tie=none;grace=none;articulations=;ornaments=
CASE-VT57	W4	2	E023	note	EV0395	5/2	1/4	V02	pitch=E4;tie=none;grace=none;articulations=;ornaments=
CASE-VT57	W4	2	E023	note	EV0396	11/4	1/4	V02	pitch=D4;tie=none;grace=none;articulations=;ornaments=
CASE-VT57	W4	2	E023	note	EV0397	3	1	V01	pitch=D5;tie=none;grace=none;articulations=;ornaments=
CASE-VT57	W4	2	E023	note	EV0398	3	1	V01	pitch=B5;tie=none;grace=none;articulations=;ornaments=
CASE-VT57	W4	2	E023	note	EV0399	3	1/4	V02	pitch=C4;tie=none;grace=none;articulations=;ornaments=
CASE-VT57	W4	2	E023	note	EV0400	13/4	1/4	V02	pitch=B3;tie=none;grace=none;articulations=;ornaments=
CASE-VT57	W4	2	E023	note	EV0401	7/2	1/4	V02	pitch=A3;tie=none;grace=none;articulations=;ornaments=
CASE-VT57	W4	2	E023	note	EV0402	15/4	1/4	V02	pitch=G3;tie=none;grace=none;articulations=;ornaments=
CASE-VT57	W4	3	E024	measure			4		meter=4/4;key_fifths=2;barlines=regular|regular;volta=none
CASE-VT57	W4	3	E024	note	EV0403	0	1	V01	pitch=D5;tie=none;grace=none;articulations=;ornaments=
CASE-VT57	W4	3	E024	note	EV0404	0	1	V01	pitch=A5;tie=none;grace=none;articulations=;ornaments=
CASE-VT57	W4	3	E024	note	EV0405	0	1/2	V02	pitch=F#3;tie=none;grace=none;articulations=;ornaments=
CASE-VT57	W4	3	E024	note	EV0406	1/2	1/4	V02	pitch=G3;tie=none;grace=none;articulations=;ornaments=
CASE-VT57	W4	3	E024	note	EV0407	3/4	1/4	V02	pitch=A3;tie=none;grace=none;articulations=;ornaments=
CASE-VT57	W4	3	E024	rest	EV0408	1	1	V01	articulations=
CASE-VT57	W4	3	E024	note	EV0409	1	1/4	V02	pitch=B3;tie=none;grace=none;articulations=;ornaments=
CASE-VT57	W4	3	E024	note	EV0410	5/4	1/4	V02	pitch=C#4;tie=none;grace=none;articulations=;ornaments=
CASE-VT57	W4	3	E024	note	EV0411	3/2	1/4	V02	pitch=D4;tie=none;grace=none;articulations=;ornaments=
CASE-VT57	W4	3	E024	note	EV0412	7/4	1/4	V02	pitch=E4;tie=none;grace=none;articulations=;ornaments=
CASE-VT57	W4	3	E024	rest	EV0413	2	1	V01	articulations=
CASE-VT57	W4	3	E024	note	EV0414	2	1/4	V02	pitch=F#4;tie=none;grace=none;articulations=;ornaments=
CASE-VT57	W4	3	E024	note	EV0415	9/4	1/4	V02	pitch=E4;tie=none;grace=none;articulations=;ornaments=
CASE-VT57	W4	3	E024	note	EV0416	5/2	1/4	V02	pitch=D4;tie=none;grace=none;articulations=;ornaments=
CASE-VT57	W4	3	E024	note	EV0417	11/4	1/4	V02	pitch=C#4;tie=none;grace=none;articulations=;ornaments=
CASE-VT57	W4	3	E024	note	EV0418	3	1	V01	pitch=D5;tie=none;grace=none;articulations=;ornaments=
CASE-VT57	W4	3	E024	note	EV0419	3	1	V01	pitch=A5;tie=none;grace=none;articulations=;ornaments=
CASE-VT57	W4	3	E024	note	EV0420	3	1/4	V02	pitch=B3;tie=none;grace=none;articulations=;ornaments=
CASE-VT57	W4	3	E024	note	EV0421	13/4	1/4	V02	pitch=A3;tie=none;grace=none;articulations=;ornaments=
CASE-VT57	W4	3	E024	note	EV0422	7/2	1/4	V02	pitch=G3;tie=none;grace=none;articulations=;ornaments=
CASE-VT57	W4	3	E024	note	EV0423	15/4	1/4	V02	pitch=F#3;tie=none;grace=none;articulations=;ornaments=
CASE-VT57	W4	4	E025	measure			4		meter=4/4;key_fifths=2;barlines=regular|regular;volta=none
CASE-VT57	W4	4	E025	note	EV0424	0	1	V01	pitch=D5;tie=none;grace=none;articulations=;ornaments=
CASE-VT57	W4	4	E025	note	EV0425	0	1	V01	pitch=G5;tie=none;grace=none;articulations=;ornaments=
CASE-VT57	W4	4	E025	note	EV0426	0	1/2	V02	pitch=E3;tie=none;grace=none;articulations=;ornaments=
CASE-VT57	W4	4	E025	note	EV0427	1/2	1/4	V02	pitch=F#3;tie=none;grace=none;articulations=;ornaments=
CASE-VT57	W4	4	E025	note	EV0428	3/4	1/4	V02	pitch=G3;tie=none;grace=none;articulations=;ornaments=
CASE-VT57	W4	4	E025	rest	EV0429	1	1	V01	articulations=
CASE-VT57	W4	4	E025	note	EV0430	1	1/4	V02	pitch=A3;tie=none;grace=none;articulations=;ornaments=
CASE-VT57	W4	4	E025	note	EV0431	5/4	1/4	V02	pitch=B3;tie=none;grace=none;articulations=;ornaments=
CASE-VT57	W4	4	E025	note	EV0432	3/2	1/4	V02	pitch=C#4;tie=none;grace=none;articulations=;ornaments=
CASE-VT57	W4	4	E025	note	EV0433	7/4	1/4	V02	pitch=D4;tie=none;grace=none;articulations=;ornaments=
CASE-VT57	W4	4	E025	rest	EV0434	2	1	V01	articulations=
CASE-VT57	W4	4	E025	note	EV0435	2	1/4	V02	pitch=E4;tie=none;grace=none;articulations=;ornaments=
CASE-VT57	W4	4	E025	note	EV0436	9/4	1/4	V02	pitch=D4;tie=none;grace=none;articulations=;ornaments=
CASE-VT57	W4	4	E025	note	EV0437	5/2	1/4	V02	pitch=C#4;tie=none;grace=none;articulations=;ornaments=
CASE-VT57	W4	4	E025	note	EV0438	11/4	1/4	V02	pitch=B3;tie=none;grace=none;articulations=;ornaments=
CASE-VT57	W4	4	E025	note	EV0439	3	1	V01	pitch=C#5;tie=none;grace=none;articulations=;ornaments=
CASE-VT57	W4	4	E025	note	EV0440	3	1	V01	pitch=G5;tie=none;grace=none;articulations=;ornaments=
CASE-VT57	W4	4	E025	note	EV0441	3	1/4	V02	pitch=A3;tie=none;grace=none;articulations=;ornaments=
CASE-VT57	W4	4	E025	note	EV0442	13/4	1/4	V02	pitch=G3;tie=none;grace=none;articulations=;ornaments=
CASE-VT57	W4	4	E025	note	EV0443	7/2	1/4	V02	pitch=F#3;tie=none;grace=none;articulations=;ornaments=
CASE-VT57	W4	4	E025	note	EV0444	15/4	1/4	V02	pitch=E3;tie=none;grace=none;articulations=;ornaments=
CASE-VT57	W4	5	E026	measure			4		meter=4/4;key_fifths=2;barlines=regular|regular;volta=none
CASE-VT57	W4	5	E026	note	EV0445	0	1	V01	pitch=D5;tie=none;grace=none;articulations=;ornaments=
CASE-VT57	W4	5	E026	note	EV0446	0	1	V01	pitch=F#5;tie=none;grace=none;articulations=;ornaments=
CASE-VT57	W4	5	E026	note	EV0447	0	1/2	V02	pitch=D3;tie=none;grace=none;articulations=;ornaments=
CASE-VT57	W4	5	E026	note	EV0448	1/2	1/4	V02	pitch=E3;tie=none;grace=none;articulations=;ornaments=
CASE-VT57	W4	5	E026	note	EV0449	3/4	1/4	V02	pitch=F#3;tie=none;grace=none;articulations=;ornaments=
CASE-VT57	W4	5	E026	rest	EV0450	1	1	V01	articulations=
CASE-VT57	W4	5	E026	note	EV0451	1	1/4	V02	pitch=G3;tie=none;grace=none;articulations=;ornaments=
CASE-VT57	W4	5	E026	note	EV0452	5/4	1/4	V02	pitch=A3;tie=none;grace=none;articulations=;ornaments=
CASE-VT57	W4	5	E026	note	EV0453	3/2	1/4	V02	pitch=B3;tie=none;grace=none;articulations=;ornaments=
CASE-VT57	W4	5	E026	note	EV0454	7/4	1/4	V02	pitch=C#4;tie=none;grace=none;articulations=;ornaments=
CASE-VT57	W4	5	E026	rest	EV0455	2	1	V01	articulations=
CASE-VT57	W4	5	E026	note	EV0456	2	1/4	V02	pitch=D4;tie=none;grace=none;articulations=;ornaments=
CASE-VT57	W4	5	E026	note	EV0457	9/4	1/4	V02	pitch=C#4;tie=none;grace=none;articulations=;ornaments=
CASE-VT57	W4	5	E026	note	EV0458	5/2	1/4	V02	pitch=B3;tie=none;grace=none;articulations=;ornaments=
CASE-VT57	W4	5	E026	note	EV0459	11/4	1/4	V02	pitch=A3;tie=none;grace=none;articulations=;ornaments=
CASE-VT57	W4	5	E026	note	EV0460	3	1	V01	pitch=D5;tie=none;grace=none;articulations=;ornaments=
CASE-VT57	W4	5	E026	note	EV0461	3	1	V01	pitch=F#5;tie=none;grace=none;articulations=;ornaments=
CASE-VT57	W4	5	E026	note	EV0462	3	1/4	V02	pitch=G3;tie=none;grace=none;articulations=;ornaments=
CASE-VT57	W4	5	E026	note	EV0463	13/4	1/4	V02	pitch=F#3;tie=none;grace=none;articulations=;ornaments=
CASE-VT57	W4	5	E026	note	EV0464	7/2	1/4	V02	pitch=E3;tie=none;grace=none;articulations=;ornaments=
CASE-VT57	W4	5	E026	note	EV0465	15/4	1/4	V02	pitch=D3;tie=none;grace=none;articulations=;ornaments=
